File,Type,Title,Creator,License,Source URL,Attribution
"images-pexels/accessible-bathroom-2.jpg","image","A men's restroom sign with accessible symbol on a tiled wall, featuring minimalist design.","Grant Hughes","Pexels License","https://www.pexels.com/photo/white-tiled-wall-with-men-s-restroom-sign-13554363/","Photo by Grant Hughes / Pexels — https://www.pexels.com/photo/white-tiled-wall-with-men-s-restroom-sign-13554363/"
"images-pexels/accessible-travel-1.jpg","image","A wheelchair on a sandy beach overlooking the sea on a bright summer day.","Lucas Andrade","Pexels License","https://www.pexels.com/photo/wheelchair-on-beach-20340269/","Photo by Lucas Andrade / Pexels — https://www.pexels.com/photo/wheelchair-on-beach-20340269/"
"images-pexels/airport-departure-terminal-1.jpg","image","Crowds in the departure area of Amsterdam's Schiphol Airport, showcasing bustling travel activity.","Martijn Stoof","Pexels License","https://www.pexels.com/photo/busy-departure-hall-at-amsterdam-schiphol-airport-37772239/","Photo by Martijn Stoof / Pexels — https://www.pexels.com/photo/busy-departure-hall-at-amsterdam-schiphol-airport-37772239/"
"images-pexels/airport-departure-terminal-2.jpg","image","Passengers checking the departure board at Hong Kong International Airport terminal.","AirTeo | Air Travel","Pexels License","https://www.pexels.com/photo/people-standing-near-airport-departure-board-12717154/","Photo by AirTeo | Air Travel / Pexels — https://www.pexels.com/photo/people-standing-near-airport-departure-board-12717154/"
"images-pexels/airport-departure-terminal-6.jpg","image","A luggage cart on the airport tarmac near a modern terminal building under clear skies.","Victor Freitas","Pexels License","https://www.pexels.com/photo/track-tractor-on-road-1381416/","Photo by Victor Freitas / Pexels — https://www.pexels.com/photo/track-tractor-on-road-1381416/"
"images-pexels/airport-lounge-1.jpg","image","Modern airport seating area with green chairs and expansive windows offering a runway view.","Valeria Drozdova","Pexels License","https://www.pexels.com/photo/spacious-airport-seating-area-with-large-windows-38706325/","Photo by Valeria Drozdova / Pexels — https://www.pexels.com/photo/spacious-airport-seating-area-with-large-windows-38706325/"
"images-pexels/airport-terminal-1.jpg","image","A white minivan parked at a modern airport terminal drop-off zone, ideal for travel and transport concepts.","Yazid N","Pexels License","https://www.pexels.com/photo/white-minivan-parked-at-modern-airport-terminal-39075475/","Photo by Yazid N / Pexels — https://www.pexels.com/photo/white-minivan-parked-at-modern-airport-terminal-39075475/"
"images-pexels/alfama-street-1.jpg","image","Discover the charm of a Lisbon alley with old buildings and a scenic view towards the sea.","Lajos Kristóf Kántor","Pexels License","https://www.pexels.com/photo/charming-cobblestone-alley-in-lisbon-portugal-37077418/","Photo by Lajos Kristóf Kántor / Pexels — https://www.pexels.com/photo/charming-cobblestone-alley-in-lisbon-portugal-37077418/"
"images-pexels/alfama-street-2.jpg","image","Scenic view of Lisbon's vibrant Alfama district with iconic red rooftops and historic architecture under a clear blue sky.","Sophie Otto","Pexels License","https://www.pexels.com/photo/view-of-a-city-26824151/","Photo by Sophie Otto / Pexels — https://www.pexels.com/photo/view-of-a-city-26824151/"
"images-pexels/alfama-street-3.jpg","image","A picturesque street in Lisbon, Portugal, lined with historic buildings and parked vehicles, leading to an ocean view.","Mateus Castro","Pexels License","https://www.pexels.com/photo/ocean-at-end-of-alley-in-lisbon-20146999/","Photo by Mateus Castro / Pexels — https://www.pexels.com/photo/ocean-at-end-of-alley-in-lisbon-20146999/"
"images-pexels/apartment-interior-1.jpg","image","Stylish hotel room interior with modern furniture and warm lighting in Lisbon.","The 7 Hotel Lisbon","Pexels License","https://www.pexels.com/photo/white-and-brown-wooden-table-with-chairs-10890710/","Photo by The 7 Hotel Lisbon / Pexels — https://www.pexels.com/photo/white-and-brown-wooden-table-with-chairs-10890710/"
"images-pexels/apartment-interior-2.jpg","image","Modern minimalist bedroom in Lisbon with workspace, featuring a laptop and soft pastel decor.","SANDRA REI","Pexels License","https://www.pexels.com/photo/a-white-bed-in-the-bedroom-6817188/","Photo by SANDRA REI / Pexels — https://www.pexels.com/photo/a-white-bed-in-the-bedroom-6817188/"
"images-pexels/apartment-interior-3.jpg","image","Charming Lisbon architecture with wrought iron balconies and drying laundry on a sunny day.","Masood Aslami","Pexels License","https://www.pexels.com/photo/facade-of-lisbon-buildings-16549951/","Photo by Masood Aslami / Pexels — https://www.pexels.com/photo/facade-of-lisbon-buildings-16549951/"
"images-pexels/art-gallery-painting-1.jpg","image","A woman admiring colorful paintings in a contemporary indoor art exhibition.","Darya Sannikova","Pexels License","https://www.pexels.com/photo/woman-wearing-black-top-standing-near-paintings-1671016/","Photo by Darya Sannikova / Pexels — https://www.pexels.com/photo/woman-wearing-black-top-standing-near-paintings-1671016/"
"images-pexels/art-gallery-painting-2.jpg","image","Vibrant abstract expressionist painting in blue and brown acrylics, conveying raw emotion.","Steve A Johnson","Pexels License","https://www.pexels.com/photo/abstract-painting-1475390/","Photo by Steve A Johnson / Pexels — https://www.pexels.com/photo/abstract-painting-1475390/"
"images-pexels/art-gallery-painting-4.jpg","image","Elegant seascape painting in a classic art gallery with vintage frames.","ArtHouse Studio","Pexels License","https://www.pexels.com/photo/painting-in-gold-frames-in-a-museum-4588842/","Photo by ArtHouse Studio / Pexels — https://www.pexels.com/photo/painting-in-gold-frames-in-a-museum-4588842/"
"images-pexels/azulejo-tiles-1.jpg","image","Intricate azulejo tile wall in Lisbon, Portugal displaying traditional Portuguese patterns.","Hectic Studio","Pexels License","https://www.pexels.com/photo/traditional-portuguese-azulejo-tile-wall-in-lisbon-36338758/","Photo by Hectic Studio / Pexels — https://www.pexels.com/photo/traditional-portuguese-azulejo-tile-wall-in-lisbon-36338758/"
"images-pexels/azulejo-tiles-2.jpg","image","Baroque-style azulejo tiles in an old monastery in Tomar, Portugal.","Reinaldo Simoes","Pexels License","https://www.pexels.com/photo/azulejo-tiles-in-historic-portuguese-monastery-31530645/","Photo by Reinaldo Simoes / Pexels — https://www.pexels.com/photo/azulejo-tiles-in-historic-portuguese-monastery-31530645/"
"images-pexels/azulejo-tiles-3.jpg","image","Close-up of a traditional Portuguese facade in Oporto featuring blue decorative tiles and white windows.","Sandra Mosconi","Pexels License","https://www.pexels.com/photo/windows-on-wall-decorated-with-blue-pattern-14845954/","Photo by Sandra Mosconi / Pexels — https://www.pexels.com/photo/windows-on-wall-decorated-with-blue-pattern-14845954/"
"images-pexels/azulejo-tiles-4.jpg","image","Traditional Portuguese azulejo mural at the Santuário do Senhor Jesus in Bombarral, Portugal.","Paulo Oliveira","Pexels License","https://www.pexels.com/photo/santuario-do-senhor-jesus-azulejo-mural-in-bombarral-39561527/","Photo by Paulo Oliveira / Pexels — https://www.pexels.com/photo/santuario-do-senhor-jesus-azulejo-mural-in-bombarral-39561527/"
"images-pexels/backpacker-hostel-1.jpg","image","Two friends walking in a hostel corridor with backpacks, embodying travel and adventure vibes.","Ketut Subiyanto","Pexels License","https://www.pexels.com/photo/women-with-backpacks-walking-through-the-hostel-corridor-4907175/","Photo by Ketut Subiyanto / Pexels — https://www.pexels.com/photo/women-with-backpacks-walking-through-the-hostel-corridor-4907175/"
"images-pexels/backpacker-hostel-2.jpg","image","Side view of young smiling ethnic female resting in bed under white blanket with camera and phone and looking away holding curtain in train","George Pak","Pexels License","https://www.pexels.com/photo/cheerful-young-ethnic-woman-sitting-in-bed-7968273/","Photo by George Pak / Pexels — https://www.pexels.com/photo/cheerful-young-ethnic-woman-sitting-in-bed-7968273/"
"images-pexels/backpacker-hostel-3.jpg","image","Two travelers prepare their backpacks in a rustic hostel lobby.","George Pak","Pexels License","https://www.pexels.com/photo/tourists-getting-ready-in-front-of-a-hostel-7969097/","Photo by George Pak / Pexels — https://www.pexels.com/photo/tourists-getting-ready-in-front-of-a-hostel-7969097/"
"images-pexels/backpacker-hostel-4.jpg","image","Two women with backpacks walking into a bright hostel dormitory with bunk beds, ready for adventure.","Ketut Subiyanto","Pexels License","https://www.pexels.com/photo/women-walking-into-their-hostel-room-with-bunk-beds-and-smiling-4907190/","Photo by Ketut Subiyanto / Pexels — https://www.pexels.com/photo/women-walking-into-their-hostel-room-with-bunk-beds-and-smiling-4907190/"
"images-pexels/bakery-pastries-display-1.jpg","image","Delicious display of lemon bars and brownies in a bakery with price tags.","James Collington","Pexels License","https://www.pexels.com/photo/assorted-pastries-in-bakery-display-case-31132630/","Photo by James Collington / Pexels — https://www.pexels.com/photo/assorted-pastries-in-bakery-display-case-31132630/"
"images-pexels/bakery-pastries-display-2.jpg","image","A variety of freshly baked pastries and breads in a glass display case at a bakery.","Furkan Tumer","Pexels License","https://www.pexels.com/photo/a-variety-of-breads-and-pastries-on-a-glass-display-counter-7405059/","Photo by Furkan Tumer / Pexels — https://www.pexels.com/photo/a-variety-of-breads-and-pastries-on-a-glass-display-counter-7405059/"
"images-pexels/bakery-pastries-display-3.jpg","image","A display of fresh breads and pastries in a bakery setting, highlighting variety and texture.","rao qingwei","Pexels License","https://www.pexels.com/photo/display-of-freshly-baked-breads-and-pastries-31484077/","Photo by rao qingwei / Pexels — https://www.pexels.com/photo/display-of-freshly-baked-breads-and-pastries-31484077/"
"images-pexels/bakery-pastry-1.jpg","image","A Turkish bakery window showcasing fresh bread and a Turkish flag, creating a warm ambiance.","Sara Er","Pexels License","https://www.pexels.com/photo/turkish-flag-in-a-window-of-a-bakery-18656839/","Photo by Sara Er / Pexels — https://www.pexels.com/photo/turkish-flag-in-a-window-of-a-bakery-18656839/"
"images-pexels/bakery-pastry-2.jpg","image","A bakery employee wears an apron and organizes pastries in a well-lit Baguio store.","Kenneth Surillo","Pexels License","https://www.pexels.com/photo/man-choosing-pastry-in-a-store-21847830/","Photo by Kenneth Surillo / Pexels — https://www.pexels.com/photo/man-choosing-pastry-in-a-store-21847830/"
"images-pexels/belem-tower-1.jpg","image","Scenic view of Belem Tower by the Tagus River in Lisbon, Portugal with birds in flight.","Vanessa Riecke","Pexels License","https://www.pexels.com/photo/tower-of-castle-in-a-harbor-in-lisbon-16207032/","Photo by Vanessa Riecke / Pexels — https://www.pexels.com/photo/tower-of-castle-in-a-harbor-in-lisbon-16207032/"
"images-pexels/belem-tower-2.jpg","image","Capture of the historic Belem Tower against a clear blue sky in Lisbon, Portugal.","Pixabay","Pexels License","https://www.pexels.com/photo/white-castle-beside-body-of-water-461936/","Photo by Pixabay / Pexels — https://www.pexels.com/photo/white-castle-beside-body-of-water-461936/"
"images-pexels/belem-tower-3.jpg","image","Belém Tower, a UNESCO World Heritage site in Lisbon, Portugal, by the Tagus River.","Marcelo Verfe","Pexels License","https://www.pexels.com/photo/belem-tower-in-lisbon-16335878/","Photo by Marcelo Verfe / Pexels — https://www.pexels.com/photo/belem-tower-in-lisbon-16335878/"
"images-pexels/boutique-hotel-room-1.jpg","image","Stylish hotel bedroom with modern decor, featuring a comfortable bed and geometric wallpaper.","Max Vakhtbovych","Pexels License","https://www.pexels.com/photo/a-gray-and-white-themed-hotel-bedroom-7746092/","Photo by Max Vakhtbovych / Pexels — https://www.pexels.com/photo/a-gray-and-white-themed-hotel-bedroom-7746092/"
"images-pexels/boutique-hotel-room-2.jpg","image","Spacious modern bedroom with colorful pillows and elegant decor in a luxury Dubai hotel.","Kadir Avşar","Pexels License","https://www.pexels.com/photo/a-bedroom-with-a-bed-a-lamp-and-a-painting-14750392/","Photo by Kadir Avşar / Pexels — https://www.pexels.com/photo/a-bedroom-with-a-bed-a-lamp-and-a-painting-14750392/"
"images-pexels/boutique-hotel-room-3.jpg","image","Chic beige hotel room in Baku featuring a plush tufted headboard and elegant interior design.","Rahib Yaqubov","Pexels License","https://www.pexels.com/photo/minimalistic-elegant-bedroom-design-14547138/","Photo by Rahib Yaqubov / Pexels — https://www.pexels.com/photo/minimalistic-elegant-bedroom-design-14547138/"
"images-pexels/bread-bakery-1.jpg","image","Warm artisan bread being baked to perfection in a professional industrial oven.","Chris F","Pexels License","https://www.pexels.com/photo/brown-breads-in-the-oven-10481790/","Photo by Chris F / Pexels — https://www.pexels.com/photo/brown-breads-in-the-oven-10481790/"
"images-pexels/bread-bakery-2.jpg","image","Freshly baked artisanal breads displayed in a bakery window showcasing a variety of loaves.","hissetmehurriyeti","Pexels License","https://www.pexels.com/photo/brown-breads-in-clear-glass-display-cabinet-9120377/","Photo by hissetmehurriyeti / Pexels — https://www.pexels.com/photo/brown-breads-in-clear-glass-display-cabinet-9120377/"
"images-pexels/bridge-river-aerial-1.jpg","image","Aerial view of the Wabasha Bridge spanning the Mississippi River amidst lush greenery and cityscape.","Tom Fisk","Pexels License","https://www.pexels.com/photo/bridge-over-swamp-and-river-leading-on-riverside-with-city-26851251/","Photo by Tom Fisk / Pexels — https://www.pexels.com/photo/bridge-over-swamp-and-river-leading-on-riverside-with-city-26851251/"
"images-pexels/bridge-river-aerial-2.jpg","image","Scenic aerial view of Heidelberg, showcasing its historic bridge over the Neckar River surrounded by lush hills.","Masood Aslami","Pexels License","https://www.pexels.com/photo/town-by-the-river-17645698/","Photo by Masood Aslami / Pexels — https://www.pexels.com/photo/town-by-the-river-17645698/"
"images-pexels/business-handshake-3.jpg","image","Close-up of two businessmen shaking hands outside, symbolizing partnership and agreement.","Ketut Subiyanto","Pexels License","https://www.pexels.com/photo/a-person-in-black-suit-4963359/","Photo by Ketut Subiyanto / Pexels — https://www.pexels.com/photo/a-person-in-black-suit-4963359/"
"images-pexels/business-meeting-1.jpg","image","A diverse group of professionals having a meeting in a modern office setting. Teamwork and collaboration.","Christina Morillo","Pexels License","https://www.pexels.com/photo/five-people-having-conversation-1181738/","Photo by Christina Morillo / Pexels — https://www.pexels.com/photo/five-people-having-conversation-1181738/"
"images-pexels/camera-photographer-sunset-1.jpg","image","Silhouette of a woman with camera and tripod capturing a stunning sunset sky.","Kai-Chieh Chan","Pexels License","https://www.pexels.com/photo/silhouette-of-a-woman-standing-behind-a-camera-5803236/","Photo by Kai-Chieh Chan / Pexels — https://www.pexels.com/photo/silhouette-of-a-woman-standing-behind-a-camera-5803236/"
"images-pexels/camera-photographer-sunset-2.jpg","image","Two photographers silhouette with cameras during sunset, capturing serene landscapes.","Sharath G.","Pexels License","https://www.pexels.com/photo/silhouette-of-photographers-at-sunset-29799990/","Photo by Sharath G. / Pexels — https://www.pexels.com/photo/silhouette-of-photographers-at-sunset-29799990/"
"images-pexels/camera-photographer-sunset-4.jpg","image","An artistic shot capturing a photographer holding a camera with a vibrant sunset background.","Fireberrytech .","Pexels License","https://www.pexels.com/photo/person-holding-black-camera-2531658/","Photo by Fireberrytech . / Pexels — https://www.pexels.com/photo/person-holding-black-camera-2531658/"
"images-pexels/cascais-beach-1.jpg","image","Scenic view of Cascais, Portugal with historic architecture by the beach. Ideal travel destination.","Jean-Paul Colemonts","Pexels License","https://www.pexels.com/photo/beautiful-coastal-view-of-cascais-portugal-38206389/","Photo by Jean-Paul Colemonts / Pexels — https://www.pexels.com/photo/beautiful-coastal-view-of-cascais-portugal-38206389/"
"images-pexels/cascais-beach-2.jpg","image","Crowded beach scene at Cascais, Portugal, featuring sunbathers by the oceanfront resort.","Tom McCarten","Pexels License","https://www.pexels.com/photo/luxury-hotel-in-portugal-17855911/","Photo by Tom McCarten / Pexels — https://www.pexels.com/photo/luxury-hotel-in-portugal-17855911/"
"images-pexels/cascais-beach-3.jpg","image","Beautiful beach and coastline in Cascais, Portugal, showcasing cliffs and turquoise sea.","GUSTAVO CORREA","Pexels License","https://www.pexels.com/photo/sea-beach-and-town-4725098/","Photo by GUSTAVO CORREA / Pexels — https://www.pexels.com/photo/sea-beach-and-town-4725098/"
"images-pexels/cascais-coastline-1.jpg","image","Scenic view of Cascais, Portugal with historic architecture by the beach. Ideal travel destination.","Jean-Paul Colemonts","Pexels License","https://www.pexels.com/photo/beautiful-coastal-view-of-cascais-portugal-38206389/","Photo by Jean-Paul Colemonts / Pexels — https://www.pexels.com/photo/beautiful-coastal-view-of-cascais-portugal-38206389/"
"images-pexels/cascais-coastline-3.jpg","image","Spectacular view of crashing waves against rugged cliffs in Cascais, Portugal during a beautiful sunset.","Sergei  Gussev","Pexels License","https://www.pexels.com/photo/dramatic-cliffs-overlooking-the-atlantic-ocean-34707774/","Photo by Sergei  Gussev / Pexels — https://www.pexels.com/photo/dramatic-cliffs-overlooking-the-atlantic-ocean-34707774/"
"images-pexels/cascais-coastline-4.jpg","image","Casa de Santa Maria in Cascais by the sea, surrounded by lush greenery.","Pascal B.","Pexels License","https://www.pexels.com/photo/casa-de-santa-maria-in-portugal-17554654/","Photo by Pascal B. / Pexels — https://www.pexels.com/photo/casa-de-santa-maria-in-portugal-17554654/"
"images-pexels/cascais-coastline-6.jpg","image","Picturesque view of a coastal lighthouse and historic building by the serene sea.","Recep Tayyip Çelik","Pexels License","https://www.pexels.com/photo/view-of-a-lighthouse-on-seashore-7595327/","Photo by Recep Tayyip Çelik / Pexels — https://www.pexels.com/photo/view-of-a-lighthouse-on-seashore-7595327/"
"images-pexels/castle-sintra-portugal-1.jpg","image","Vibrant view of Pena Palace, an iconic Romanticist landmark in Sintra, Portugal.","Mo Eid","Pexels License","https://www.pexels.com/photo/romanticist-pena-palace-in-sintra-18255032/","Photo by Mo Eid / Pexels — https://www.pexels.com/photo/romanticist-pena-palace-in-sintra-18255032/"
"images-pexels/castle-sintra-portugal-4.jpg","image","Breathtaking aerial shot of the colorful Pena Palace nestled in the lush hills of Sintra, Portugal.","Matej Simko","Pexels License","https://www.pexels.com/photo/sintra-27832068/","Photo by Matej Simko / Pexels — https://www.pexels.com/photo/sintra-27832068/"
"images-pexels/children-playground-park-1.jpg","image","A colorful playground with vibrant slides surrounded by lush green trees in a sunny park.","Fatima Yusuf","Pexels License","https://www.pexels.com/photo/playground-in-summer-19336565/","Photo by Fatima Yusuf / Pexels — https://www.pexels.com/photo/playground-in-summer-19336565/"
"images-pexels/children-playground-park-4.jpg","image","Vibrant playground with slides and equipment in an urban park setting surrounded by apartment buildings.","张子铭","Pexels License","https://www.pexels.com/photo/playground-slides-near-buildings-and-trees-7401101/","Photo by 张子铭 / Pexels — https://www.pexels.com/photo/playground-slides-near-buildings-and-trees-7401101/"
"images-pexels/city-map-guide-1.jpg","image","Traveler studying a map for directions, symbolizing exploration and adventure.","Porapak Apichodilok","Pexels License","https://www.pexels.com/photo/person-holding-map-346820/","Photo by Porapak Apichodilok / Pexels — https://www.pexels.com/photo/person-holding-map-346820/"
"images-pexels/city-map-guide-2.jpg","image","Street map display in Valencia city with urban background.","Tiago Alvar","Pexels License","https://www.pexels.com/photo/map-of-valencia-on-street-21287038/","Photo by Tiago Alvar / Pexels — https://www.pexels.com/photo/map-of-valencia-on-street-21287038/"
"images-pexels/city-map-guide-4.jpg","image","Close-up of a detailed road map highlighting routes in southeastern Australia.","Sonny Sixteen","Pexels License","https://www.pexels.com/photo/close-up-of-an-australian-map-6772186/","Photo by Sonny Sixteen / Pexels — https://www.pexels.com/photo/close-up-of-an-australian-map-6772186/"
"images-pexels/clothing-store-rack-2.jpg","image","Chic fashion display at a clothing store with stylish reflections.","Mathias Reding","Pexels License","https://www.pexels.com/photo/clothes-hanged-on-clothing-racks-11911863/","Photo by Mathias Reding / Pexels — https://www.pexels.com/photo/clothes-hanged-on-clothing-racks-11911863/"
"images-pexels/cloudy-sky-weather-1.jpg","image","A tranquil view of white fluffy clouds scattered across a vivid blue sky.","Budget Bizar","Pexels License","https://www.pexels.com/photo/white-clouds-in-the-sky-12181103/","Photo by Budget Bizar / Pexels — https://www.pexels.com/photo/white-clouds-in-the-sky-12181103/"
"images-pexels/cloudy-sky-weather-4.jpg","image","A serene view of fluffy clouds against a bright blue sky, perfect for peaceful and airy concepts.","Brett Sayles","Pexels License","https://www.pexels.com/photo/white-clouds-and-blue-sky-4504739/","Photo by Brett Sayles / Pexels — https://www.pexels.com/photo/white-clouds-and-blue-sky-4504739/"
"images-pexels/cloudy-sky-weather-6.jpg","image","Overcast sky with thick clouds creating a dramatic and moody atmosphere.","Engin Akyurt","Pexels License","https://www.pexels.com/photo/a-gloomy-sky-4533919/","Photo by Engin Akyurt / Pexels — https://www.pexels.com/photo/a-gloomy-sky-4533919/"
"images-pexels/coffee-shop-interior-2.jpg","image","A woman working inside a cozy café at night, view through the window.","Muneeb Babar","Pexels License","https://www.pexels.com/photo/woman-working-at-cafe-at-night-16781258/","Photo by Muneeb Babar / Pexels — https://www.pexels.com/photo/woman-working-at-cafe-at-night-16781258/"
"images-pexels/coffee-shop-interior-4.jpg","image","Artistic interior of a Melbourne store with a cozy, tranquil vibe, featuring shelves of books and coffee.","Daniel Dang","Pexels License","https://www.pexels.com/photo/cozy-melbourne-books-and-coffee-store-display-32119572/","Photo by Daniel Dang / Pexels — https://www.pexels.com/photo/cozy-melbourne-books-and-coffee-store-display-32119572/"
"images-pexels/coffee-shop-interior-5.jpg","image","From above back view of faceless woman enjoying cup of hot coffee while spending time in modern cafeteria in daytime","Maria Orlova","Pexels License","https://www.pexels.com/photo/unrecognizable-female-sitting-in-cafe-with-coffee-4916548/","Photo by Maria Orlova / Pexels — https://www.pexels.com/photo/unrecognizable-female-sitting-in-cafe-with-coffee-4916548/"
"images-pexels/concert-crowd-silhouette-1.jpg","image","A dramatic black and white photo capturing a crowd at a night concert with bright stage lights.","Ludvig Hedenborg","Pexels License","https://www.pexels.com/photo/black-and-white-photography-of-people-on-a-concert-20993079/","Photo by Ludvig Hedenborg / Pexels — https://www.pexels.com/photo/black-and-white-photography-of-people-on-a-concert-20993079/"
"images-pexels/conference-room-meeting-3.jpg","image","Business professionals wearing masks attending a conference meeting in a modern setting.","Werner Pfennig","Pexels License","https://www.pexels.com/photo/professional-people-sitting-at-the-table-6949865/","Photo by Werner Pfennig / Pexels — https://www.pexels.com/photo/professional-people-sitting-at-the-table-6949865/"
"images-pexels/cooking-class-kitchen-2.jpg","image","A young girl in a chef's hat kneads dough in a contemporary kitchen setting.","Kampus Production","Pexels License","https://www.pexels.com/photo/a-young-chef-kneading-a-dough-8511858/","Photo by Kampus Production / Pexels — https://www.pexels.com/photo/a-young-chef-kneading-a-dough-8511858/"
"images-pexels/coworking-space-1.jpg","image","Three professionals collaborating in a modern office space with laptops and documents.","Kindel Media","Pexels License","https://www.pexels.com/photo/office-team-sitting-at-the-table-7651639/","Photo by Kindel Media / Pexels — https://www.pexels.com/photo/office-team-sitting-at-the-table-7651639/"
"images-pexels/coworking-space-3.jpg","image","Group of colleagues gathered around a table in a modern office setting, collaborating on laptops.","Matheus Bertelli","Pexels License","https://www.pexels.com/photo/diverse-team-meeting-in-modern-office-space-29267520/","Photo by Matheus Bertelli / Pexels — https://www.pexels.com/photo/diverse-team-meeting-in-modern-office-space-29267520/"
"images-pexels/coworking-space-6.jpg","image","Overhead view of diverse women professionals working in a modern office setting, fostering collaboration and teamwork.","CoWomen","Pexels License","https://www.pexels.com/photo/three-woman-sitting-on-white-chair-in-front-of-table-2041627/","Photo by CoWomen / Pexels — https://www.pexels.com/photo/three-woman-sitting-on-white-chair-in-front-of-table-2041627/"
"images-pexels/cultural-workshop-5.jpg","image","Young individuals participating in an interactive pottery class with hands-on clay molding.","sandi.photography ⠀","Pexels License","https://www.pexels.com/photo/children-engaging-in-pottery-workshop-indoors-37224733/","Photo by sandi.photography ⠀ / Pexels — https://www.pexels.com/photo/children-engaging-in-pottery-workshop-indoors-37224733/"
"images-pexels/digital-nomad-2.jpg","image","Young man working remotely on laptop while enjoying a coffee outdoors.","Andrea Piacquadio","Pexels License","https://www.pexels.com/photo/man-drinking-coffee-while-working-on-his-laptop-3981699/","Photo by Andrea Piacquadio / Pexels — https://www.pexels.com/photo/man-drinking-coffee-while-working-on-his-laptop-3981699/"
"images-pexels/digital-nomad-laptop-cafe-1.jpg","image","Woman working on a laptop outside a cafe in Warsaw, Poland. Relaxing, urban vibe.","Bogdan Krupin","Pexels License","https://www.pexels.com/photo/a-woman-using-a-laptop-while-sitting-on-a-chair-12650678/","Photo by Bogdan Krupin / Pexels — https://www.pexels.com/photo/a-woman-using-a-laptop-while-sitting-on-a-chair-12650678/"
"images-pexels/digital-nomad-laptop-cafe-2.jpg","image","Young man working remotely on laptop while enjoying a coffee outdoors.","Andrea Piacquadio","Pexels License","https://www.pexels.com/photo/man-drinking-coffee-while-working-on-his-laptop-3981699/","Photo by Andrea Piacquadio / Pexels — https://www.pexels.com/photo/man-drinking-coffee-while-working-on-his-laptop-3981699/"
"images-pexels/digital-nomad-laptop-cafe-4.jpg","image","A man enjoying a friendly video call in a cafe, waving and smiling at his laptop screen.","Ling App","Pexels License","https://www.pexels.com/photo/a-man-using-laptop-14706186/","Photo by Ling App / Pexels — https://www.pexels.com/photo/a-man-using-laptop-14706186/"
"images-pexels/douro-valley-vineyard-5.jpg","image","Beautiful view of the Douro River flanked by vineyards in Porto, Portugal.","Finn Ruijter","Pexels License","https://www.pexels.com/photo/scenic-douro-valley-vineyard-landscape-32906683/","Photo by Finn Ruijter / Pexels — https://www.pexels.com/photo/scenic-douro-valley-vineyard-landscape-32906683/"
"images-pexels/fado-guitar-player-1.jpg","image","Musician playing acoustic guitar on stage with a microphone.","Jonathan Mendoza","Pexels License","https://www.pexels.com/photo/man-in-gray-suit-playing-brown-guitar-14852754/","Photo by Jonathan Mendoza / Pexels — https://www.pexels.com/photo/man-in-gray-suit-playing-brown-guitar-14852754/"
"images-pexels/fado-guitar-player-3.jpg","image","A black and white image of street musicians playing guitar and flute in an urban setting.","Richard REVEL","Pexels License","https://www.pexels.com/photo/greyscale-photography-of-man-and-woman-playing-musical-instruments-213742/","Photo by Richard REVEL / Pexels — https://www.pexels.com/photo/greyscale-photography-of-man-and-woman-playing-musical-instruments-213742/"
"images-pexels/fado-guitar-player-5.jpg","image","A male guitarist performs passionately with a classical guitar under radiant stage lights.","Alena Darmel","Pexels License","https://www.pexels.com/photo/bearded-man-playing-a-guitar-7715461/","Photo by Alena Darmel / Pexels — https://www.pexels.com/photo/bearded-man-playing-a-guitar-7715461/"
"images-pexels/fado-music-1.jpg","image","Vibrant street art depicting Fado culture in Alfama, Lisbon. Showcases Portugal's artistic heritage.","Tiff Ng","Pexels License","https://www.pexels.com/photo/graffiti-on-white-concrete-wall-3130810/","Photo by Tiff Ng / Pexels — https://www.pexels.com/photo/graffiti-on-white-concrete-wall-3130810/"
"images-pexels/fado-music-2.jpg","image","Two men perform music by the Lisbon seaside, one playing guitar and the other singing with a microphone.","Vinícius Trindade","Pexels License","https://www.pexels.com/photo/men-sitting-on-wall-on-sea-shore-and-playing-guitar-and-singing-20427667/","Photo by Vinícius Trindade / Pexels — https://www.pexels.com/photo/men-sitting-on-wall-on-sea-shore-and-playing-guitar-and-singing-20427667/"
"images-pexels/fado-music-3.jpg","image","A street musician playing guitar to an engaging crowd on a lively city night.","Mateus Castro","Pexels License","https://www.pexels.com/photo/street-musician-playing-guitar-at-night-20161822/","Photo by Mateus Castro / Pexels — https://www.pexels.com/photo/street-musician-playing-guitar-at-night-20161822/"
"images-pexels/family-beach-vacation-1.jpg","image","Silhouettes of a family walking along the beach at sunset, enjoying a peaceful moment together.","wal_ 172619","Pexels License","https://www.pexels.com/photo/family-enjoying-a-sunset-walk-on-beach-36090195/","Photo by wal_ 172619 / Pexels — https://www.pexels.com/photo/family-enjoying-a-sunset-walk-on-beach-36090195/"
"images-pexels/family-beach-vacation-6.jpg","image","A happy family enjoys a sunny day at the beach with waves and cityscape in the background.","Luis Becerra  Fotógrafo","Pexels License","https://www.pexels.com/photo/joyful-family-playing-on-a-sunny-beach-35659774/","Photo by Luis Becerra  Fotógrafo / Pexels — https://www.pexels.com/photo/joyful-family-playing-on-a-sunny-beach-35659774/"
"images-pexels/family-travel-2.jpg","image","A family having fun running into the ocean on a sunny beach day in Portugal. Joyful and carefree moments.","Kampus Production","Pexels License","https://www.pexels.com/photo/a-family-having-fun-on-the-shore-with-water-8623946/","Photo by Kampus Production / Pexels — https://www.pexels.com/photo/a-family-having-fun-on-the-shore-with-water-8623946/"
"images-pexels/family-walking-city-3.jpg","image","Couple walking with stroller in a city street at dusk, surrounded by urban nightlife and vibrant lights.","Lensloji","Pexels License","https://www.pexels.com/photo/couple-pushing-a-stroller-and-walking-in-a-city-at-night-18705268/","Photo by Lensloji / Pexels — https://www.pexels.com/photo/couple-pushing-a-stroller-and-walking-in-a-city-at-night-18705268/"
"images-pexels/family-walking-city-4.jpg","image","A family walking across a zebra crossing, representing safety and care.","Lara van der Walt","Pexels License","https://www.pexels.com/photo/parents-with-kid-at-zebra-crossing-17407697/","Photo by Lara van der Walt / Pexels — https://www.pexels.com/photo/parents-with-kid-at-zebra-crossing-17407697/"
"images-pexels/farmers-market-produce-3.jpg","image","Man arranging fresh vegetables at an outdoor street market stall.","Brett Sayles","Pexels License","https://www.pexels.com/photo/man-standing-beside-table-with-vegetables-near-buildings-1635330/","Photo by Brett Sayles / Pexels — https://www.pexels.com/photo/man-standing-beside-table-with-vegetables-near-buildings-1635330/"
"images-pexels/hero-lisbon-skyline-1.jpg","image","Vibrant Lisbon rooftops with stunning river view under a bright blue sky.","Ndumiso  Zimu","Pexels License","https://www.pexels.com/photo/colorful-rooftops-of-lisbon-overlooking-the-river-36492062/","Photo by Ndumiso  Zimu / Pexels — https://www.pexels.com/photo/colorful-rooftops-of-lisbon-overlooking-the-river-36492062/"
"images-pexels/hero-lisbon-skyline-2.jpg","image","Stunning aerial view of Lisbon's rooftops and historic Castle Hill on a clear day.","Anderson Pereira","Pexels License","https://www.pexels.com/photo/drone-shot-of-lisbon-17395458/","Photo by Anderson Pereira / Pexels — https://www.pexels.com/photo/drone-shot-of-lisbon-17395458/"
"images-pexels/hero-lisbon-skyline-4.jpg","image","Scenic view of Lisbon's vibrant Alfama district with iconic red rooftops and historic architecture under a clear blue sky.","Sophie Otto","Pexels License","https://www.pexels.com/photo/view-of-a-city-26824151/","Photo by Sophie Otto / Pexels — https://www.pexels.com/photo/view-of-a-city-26824151/"
"images-pexels/hiking-trail-viewpoint-1.jpg","image","Hikers enjoying a breathtaking view of the Madeira mountains, ideal for tourism and adventure.","Aleksandra S","Pexels License","https://www.pexels.com/photo/scenic-mountain-hike-in-madeira-portugal-30387223/","Photo by Aleksandra S / Pexels — https://www.pexels.com/photo/scenic-mountain-hike-in-madeira-portugal-30387223/"
"images-pexels/history-archive-1.jpg","image","Elegant facade of a historic building in Riga with classical architectural elements.","Efrem  Efre","Pexels License","https://www.pexels.com/photo/wall-of-building-in-riga-26885887/","Photo by Efrem  Efre / Pexels — https://www.pexels.com/photo/wall-of-building-in-riga-26885887/"
"images-pexels/hotel-business-center-4.jpg","image","Vibrant night view of Golden 1 Center and The Sawyer Hotel in Sacramento, California.","Stephen Leonardi","Pexels License","https://www.pexels.com/photo/golden-1-center-night-view-in-sacramento-35120828/","Photo by Stephen Leonardi / Pexels — https://www.pexels.com/photo/golden-1-center-night-view-in-sacramento-35120828/"
"images-pexels/hotel-lobby-luxury-1.jpg","image","Elegant hotel foyer featuring a grand staircase, marble floors, and a dazzling chandelier.","Quang Nguyen Vinh","Pexels License","https://www.pexels.com/photo/marble-foyer-of-luxurious-hotel-14011664/","Photo by Quang Nguyen Vinh / Pexels — https://www.pexels.com/photo/marble-foyer-of-luxurious-hotel-14011664/"
"images-pexels/hotel-lobby-luxury-2.jpg","image","Luxurious hotel lobby featuring sleek decor, stylish chandelier, and central plant arrangement.","Quang Nguyen Vinh","Pexels License","https://www.pexels.com/photo/the-reception-area-of-a-hotel-14036253/","Photo by Quang Nguyen Vinh / Pexels — https://www.pexels.com/photo/the-reception-area-of-a-hotel-14036253/"
"images-pexels/hotel-room-1.jpg","image","Luxurious hotel room featuring modern furniture and stylish decor.","Max Vakhtbovych","Pexels License","https://www.pexels.com/photo/brown-wooden-door-beside-light-fixture-8134775/","Photo by Max Vakhtbovych / Pexels — https://www.pexels.com/photo/brown-wooden-door-beside-light-fixture-8134775/"
"images-pexels/hotel-room-2.jpg","image","Stylish hotel bedroom with modern decor, featuring a comfortable bed and geometric wallpaper.","Max Vakhtbovych","Pexels License","https://www.pexels.com/photo/a-gray-and-white-themed-hotel-bedroom-7746092/","Photo by Max Vakhtbovych / Pexels — https://www.pexels.com/photo/a-gray-and-white-themed-hotel-bedroom-7746092/"
"images-pexels/language-classroom-1.jpg","image","Teacher guiding diverse students in an English language lesson with a British flag card.","Gustavo Fring","Pexels License","https://www.pexels.com/photo/man-showing-pictures-to-children-at-lesson-7156125/","Photo by Gustavo Fring / Pexels — https://www.pexels.com/photo/man-showing-pictures-to-children-at-lesson-7156125/"
"images-pexels/language-classroom-students-3.jpg","image","A teacher holds up a letter card while interacting with preschool children in a classroom setting.","Artem Podrez","Pexels License","https://www.pexels.com/photo/a-woman-teaching-a-children-8087867/","Photo by Artem Podrez / Pexels — https://www.pexels.com/photo/a-woman-teaching-a-children-8087867/"
"images-pexels/lisbon-metro-1.jpg","image","Commuters walking along a busy Lisbon subway platform with a moving train.","Jakub Zerdzicki","Pexels License","https://www.pexels.com/photo/back-view-of-people-walking-and-a-blurred-train-in-an-underground-station-17923997/","Photo by Jakub Zerdzicki / Pexels — https://www.pexels.com/photo/back-view-of-people-walking-and-a-blurred-train-in-an-underground-station-17923997/"
"images-pexels/lisbon-metro-2.jpg","image","Wide view of an arched corridor in Lisbon Metro station, showcasing architectural elegance.","Heinz Reisenhofer","Pexels License","https://www.pexels.com/photo/arched-corridor-of-lisbon-metro-station-33998467/","Photo by Heinz Reisenhofer / Pexels — https://www.pexels.com/photo/arched-corridor-of-lisbon-metro-station-33998467/"
"images-pexels/live-music-venue-night-2.jpg","image","Two musicians performing acoustic music outdoors at night, illuminated by soft ambient lighting.","Helena Lopes","Pexels License","https://www.pexels.com/photo/man-playing-guitar-3947517/","Photo by Helena Lopes / Pexels — https://www.pexels.com/photo/man-playing-guitar-3947517/"
"images-pexels/live-music-venue-night-5.jpg","image","A vibrant live music performance captured in a cozy, bustling club atmosphere.","Matheus Bertelli","Pexels License","https://www.pexels.com/photo/people-sitting-on-concert-in-casino-16674070/","Photo by Matheus Bertelli / Pexels — https://www.pexels.com/photo/people-sitting-on-concert-in-casino-16674070/"
"images-pexels/luxury-hotel-1.jpg","image","Elegant hotel foyer featuring a grand staircase, marble floors, and a dazzling chandelier.","Quang Nguyen Vinh","Pexels License","https://www.pexels.com/photo/marble-foyer-of-luxurious-hotel-14011664/","Photo by Quang Nguyen Vinh / Pexels — https://www.pexels.com/photo/marble-foyer-of-luxurious-hotel-14011664/"
"images-pexels/luxury-hotel-2.jpg","image","Spacious hotel lobby featuring modern architecture, luxurious design, and elegant lighting with minimal activity.","K","Pexels License","https://www.pexels.com/photo/green-and-white-floor-2869215/","Photo by K / Pexels — https://www.pexels.com/photo/green-and-white-floor-2869215/"
"images-pexels/market-food-stalls-1.jpg","image","Vibrant indoor market filled with shoppers, food stalls, and lighting. Captures urban market vibe.","Andre Moura","Pexels License","https://www.pexels.com/photo/people-at-the-market-6777534/","Photo by Andre Moura / Pexels — https://www.pexels.com/photo/people-at-the-market-6777534/"
"images-pexels/market-food-stalls-2.jpg","image","Explore a lively outdoor market stall with assorted fruits and vegetables, perfect for a local shopping experience.","Helena Jankovičová Kováčová","Pexels License","https://www.pexels.com/photo/outdoors-market-on-city-square-10697692/","Photo by Helena Jankovičová Kováčová / Pexels — https://www.pexels.com/photo/outdoors-market-on-city-square-10697692/"
"images-pexels/market-food-stalls-3.jpg","image","Diverse offerings at a vibrant street food market in Jawa Barat, Indonesia.","kevin yung","Pexels License","https://www.pexels.com/photo/indonesian-street-food-market-in-jawa-barat-36641542/","Photo by kevin yung / Pexels — https://www.pexels.com/photo/indonesian-street-food-market-in-jawa-barat-36641542/"
"images-pexels/market-souvenirs-3.jpg","image","Vibrantly colored ceramic bowls displayed in a traditional artisan market setting.","Furkan  Aktaş","Pexels License","https://www.pexels.com/photo/colorful-ceramic-bowls-at-artisan-market-28933560/","Photo by Furkan  Aktaş / Pexels — https://www.pexels.com/photo/colorful-ceramic-bowls-at-artisan-market-28933560/"
"images-pexels/miradouro-viewpoint-1.jpg","image","Elevated view of Lisbon skyline and São Jorge Castle under blue skies, from a park.","Bob Jenkin","Pexels License","https://www.pexels.com/photo/scenic-view-of-lisbon-from-miradouro-park-34204863/","Photo by Bob Jenkin / Pexels — https://www.pexels.com/photo/scenic-view-of-lisbon-from-miradouro-park-34204863/"
"images-pexels/miradouro-viewpoint-2.jpg","image","A man photographs the sunset over Lisbon, capturing its stunning cityscape from a high vantage point.","Mick Haupt","Pexels License","https://www.pexels.com/photo/man-taking-a-picture-of-lisbon-17929440/","Photo by Mick Haupt / Pexels — https://www.pexels.com/photo/man-taking-a-picture-of-lisbon-17929440/"
"images-pexels/miradouro-viewpoint-3.jpg","image","A breathtaking view of Lisbon's vibrant rooftops under a cloudy sky, featuring iconic architecture.","Sophie Otto","Pexels License","https://www.pexels.com/photo/viewpoint-in-lisbon-portugal-19310521/","Photo by Sophie Otto / Pexels — https://www.pexels.com/photo/viewpoint-in-lisbon-portugal-19310521/"
"images-pexels/night-market-stalls-2.jpg","image","Crowded night market with food stalls offering a variety of dishes and a lively atmosphere.","Kenneth Surillo","Pexels License","https://www.pexels.com/photo/vibrant-night-market-scene-with-food-stalls-32223212/","Photo by Kenneth Surillo / Pexels — https://www.pexels.com/photo/vibrant-night-market-scene-with-food-stalls-32223212/"
"images-pexels/night-market-stalls-5.jpg","image","Bustling night market with vibrant stalls, lights, and visitors enjoying the lively ambiance.","J.D. Books","Pexels License","https://www.pexels.com/photo/vibrant-night-market-scene-with-stalls-and-lights-32977364/","Photo by J.D. Books / Pexels — https://www.pexels.com/photo/vibrant-night-market-scene-with-stalls-and-lights-32977364/"
"images-pexels/old-map-history-archive-1.jpg","image","From above of anonymous person selecting paper maps with captions in stack while spending time in library with blurred background","Rafael Gonzales","Pexels License","https://www.pexels.com/photo/crop-person-choosing-maps-in-library-5207798/","Photo by Rafael Gonzales / Pexels — https://www.pexels.com/photo/crop-person-choosing-maps-in-library-5207798/"
"images-pexels/old-map-history-archive-2.jpg","image","Detailed close-up of an open history book showing a vintage map and illustration.","Arturo A","Pexels License","https://www.pexels.com/photo/close-up-shot-of-a-book-13312909/","Photo by Arturo A / Pexels — https://www.pexels.com/photo/close-up-shot-of-a-book-13312909/"
"images-pexels/old-map-history-archive-4.jpg","image","A close-up of a vintage map, magnifying glass, and notebook, perfect for research themes.","Ylanite Koppens","Pexels License","https://www.pexels.com/photo/magnifying-glass-and-notebook-on-a-copy-of-an-old-world-map-14436283/","Photo by Ylanite Koppens / Pexels — https://www.pexels.com/photo/magnifying-glass-and-notebook-on-a-copy-of-an-old-world-map-14436283/"
"images-pexels/old-map-history-archive-5.jpg","image","Round eyeglasses rest on an antique world map, evoking a sense of exploration.","Beate Vogl","Pexels License","https://www.pexels.com/photo/eyeglasses-on-paper-maps-20067918/","Photo by Beate Vogl / Pexels — https://www.pexels.com/photo/eyeglasses-on-paper-maps-20067918/"
"images-pexels/outdoor-cafe-terrace-1.jpg","image","Cozy outdoor cafe with neatly arranged tables and a vibrant blue facade, perfect for dining.","Lorenza Magnaghi","Pexels License","https://www.pexels.com/photo/charming-outdoor-cafe-with-empty-tables-32556127/","Photo by Lorenza Magnaghi / Pexels — https://www.pexels.com/photo/charming-outdoor-cafe-with-empty-tables-32556127/"
"images-pexels/outdoor-cafe-terrace-2.jpg","image","From above of comfortable chairs placed near round tables on paved road in empty outdoor cafe in daylight on street","Rafael Gonzales","Pexels License","https://www.pexels.com/photo/empty-tables-with-chairs-of-sidewalk-cafe-5207860/","Photo by Rafael Gonzales / Pexels — https://www.pexels.com/photo/empty-tables-with-chairs-of-sidewalk-cafe-5207860/"
"images-pexels/outdoor-cafe-terrace-4.jpg","image","Charming outdoor bistro setting with wooden tables and decorative iron chairs, ideal for cafes.","Ivett M","Pexels License","https://www.pexels.com/photo/elegant-wooden-and-iron-bistro-cafe-setting-37041313/","Photo by Ivett M / Pexels — https://www.pexels.com/photo/elegant-wooden-and-iron-bistro-cafe-setting-37041313/"
"images-pexels/outdoor-cafe-terrace-5.jpg","image","Quaint outdoor cafe setting with elegant chairs, tables, and lush plants on a brick patio.","Haberdoedas Photography","Pexels License","https://www.pexels.com/photo/charming-outdoor-cafe-with-cozy-seating-and-greenery-32910562/","Photo by Haberdoedas Photography / Pexels — https://www.pexels.com/photo/charming-outdoor-cafe-with-cozy-seating-and-greenery-32910562/"
"images-pexels/outdoor-hiking-1.jpg","image","A couple enjoys the breathtaking view at the edge of scenic coastal cliffs in Portugal, ideal for travel inspiration.","Kampus Production","Pexels License","https://www.pexels.com/photo/couple-on-trail-admiring-view-of-sea-5937243/","Photo by Kampus Production / Pexels — https://www.pexels.com/photo/couple-on-trail-admiring-view-of-sea-5937243/"
"images-pexels/outdoor-hiking-2.jpg","image","A lone hiker walks along a scenic coastal path in Colares, Portugal.","Alyona Nagel","Pexels License","https://www.pexels.com/photo/hiker-on-coastal-trail-in-colares-portugal-36057108/","Photo by Alyona Nagel / Pexels — https://www.pexels.com/photo/hiker-on-coastal-trail-in-colares-portugal-36057108/"
"images-pexels/pastel-de-nata-1.jpg","image","A delicious pastel de nata with a steaming cup of espresso on a wooden board.","Travel with  Lenses","Pexels License","https://www.pexels.com/photo/coffee-and-pastel-de-nata-on-wooden-board-34315407/","Photo by Travel with  Lenses / Pexels — https://www.pexels.com/photo/coffee-and-pastel-de-nata-on-wooden-board-34315407/"
"images-pexels/portuguese-food-1.jpg","image","A beautifully plated seafood dish with shrimp and fish on an elegant plate, captured in Oporto.","Adriano Bragi","Pexels License","https://www.pexels.com/photo/seafood-on-plate-24289143/","Photo by Adriano Bragi / Pexels — https://www.pexels.com/photo/seafood-on-plate-24289143/"
"images-pexels/portuguese-food-2.jpg","image","A gourmet seafood risotto dish beautifully plated with fresh mussels, prawns, and clams in Porto, Portugal.","Adriano Bragi","Pexels License","https://www.pexels.com/photo/delicious-seafood-risotto-plated-in-porto-portugal-31699637/","Photo by Adriano Bragi / Pexels — https://www.pexels.com/photo/delicious-seafood-risotto-plated-in-porto-portugal-31699637/"
"images-pexels/portuguese-food-3.jpg","image","Plate of octopus salad and mixed vegetables served with bread on a floral tablecloth.","Pedro Silva","Pexels License","https://www.pexels.com/photo/traditional-portuguese-meal-with-octopus-salad-38972308/","Photo by Pedro Silva / Pexels — https://www.pexels.com/photo/traditional-portuguese-meal-with-octopus-salad-38972308/"
"images-pexels/public-bus-transit-1.jpg","image","A public bus with a digital sign indicating Sherman Tree destination, amidst greenery.","RDNE Stock project","Pexels License","https://www.pexels.com/photo/destination-on-bus-monitor-8552649/","Photo by RDNE Stock project / Pexels — https://www.pexels.com/photo/destination-on-bus-monitor-8552649/"
"images-pexels/rain-umbrella-street-2.jpg","image","Pedestrians with umbrellas walk through a bustling urban alley on a rainy day.","Janko Ferlic","Pexels License","https://www.pexels.com/photo/people-walking-in-the-street-with-umbrellas-2858266/","Photo by Janko Ferlic / Pexels — https://www.pexels.com/photo/people-walking-in-the-street-with-umbrellas-2858266/"
"images-pexels/remote-work-laptop-1.jpg","image","A woman working on laptops at a cafe with drinks and teapots, showcasing a remote work lifestyle.","Atlantic Ambience","Pexels License","https://www.pexels.com/photo/laptops-on-a-table-12498874/","Photo by Atlantic Ambience / Pexels — https://www.pexels.com/photo/laptops-on-a-table-12498874/"
"images-pexels/remote-work-laptop-4.jpg","image","Close-up of hands typing on a laptop in a cozy, indoor setting showcasing creative digital work.","Ivan S","Pexels License","https://www.pexels.com/photo/person-using-gray-laptop-8117408/","Photo by Ivan S / Pexels — https://www.pexels.com/photo/person-using-gray-laptop-8117408/"
"images-pexels/restaurant-interior-1.jpg","image","Spacious restaurant with stylish interior design, featuring wooden tables and a group of diners enjoying a meal.","Adrien Olichon","Pexels License","https://www.pexels.com/photo/people-in-a-bar-2387675/","Photo by Adrien Olichon / Pexels — https://www.pexels.com/photo/people-in-a-bar-2387675/"
"images-pexels/restaurant-interior-2.jpg","image","A bustling restaurant interior showcasing diners enjoying their meals in a cozy atmosphere.","Cihan Yüce","Pexels License","https://www.pexels.com/photo/people-at-restaurant-12181619/","Photo by Cihan Yüce / Pexels — https://www.pexels.com/photo/people-at-restaurant-12181619/"
"images-pexels/restaurant-plating-fine-dining-1.jpg","image","Various appetizing dishes served on white plates and glasses of wine on wooden table in modern light restaurant","Taha Samet Arslan","Pexels License","https://www.pexels.com/photo/delicious-dishes-with-wine-in-restaurant-7627408/","Photo by Taha Samet Arslan / Pexels — https://www.pexels.com/photo/delicious-dishes-with-wine-in-restaurant-7627408/"
"images-pexels/river-cruise-boat-2.jpg","image","A ferry crossing the Tagus River with Lisbon's scenic skyline in the background.","Henrique Baldy","Pexels License","https://www.pexels.com/photo/crossing-tagus-river-lisbon-27926305/","Photo by Henrique Baldy / Pexels — https://www.pexels.com/photo/crossing-tagus-river-lisbon-27926305/"
"images-pexels/river-cruise-boat-deck-1.jpg","image","Elegant cruise ship loaded with passengers enjoying scenic views from the top deck.","Jean-Paul Wettstein","Pexels License","https://www.pexels.com/photo/people-on-a-boat-19436809/","Photo by Jean-Paul Wettstein / Pexels — https://www.pexels.com/photo/people-on-a-boat-19436809/"
"images-pexels/river-cruise-boat-deck-5.jpg","image","A spacious and empty deck on a river cruise ship with deck chairs and water view.","Jean-Paul Wettstein","Pexels License","https://www.pexels.com/photo/deckchairs-on-a-ship-19436813/","Photo by Jean-Paul Wettstein / Pexels — https://www.pexels.com/photo/deckchairs-on-a-ship-19436813/"
"images-pexels/river-cruise-boat-deck-6.jpg","image","Close-up of a luxury cruise ship showcasing exterior details while docked.","Jean-Paul Wettstein","Pexels License","https://www.pexels.com/photo/view-of-a-cruise-ship-19436810/","Photo by Jean-Paul Wettstein / Pexels — https://www.pexels.com/photo/view-of-a-cruise-ship-19436810/"
"images-pexels/sailing-boat-river-1.jpg","image","A sailboat glides on a tranquil river under a clear sky. Perfect scene of outdoor adventure.","Marcelo Verfe","Pexels License","https://www.pexels.com/photo/sail-of-a-boat-of-the-lake-19034079/","Photo by Marcelo Verfe / Pexels — https://www.pexels.com/photo/sail-of-a-boat-of-the-lake-19034079/"
"images-pexels/sailing-boat-river-2.jpg","image","Two people sailing on a yacht near city buildings, enjoying a nautical adventure.","cottonbro studio","Pexels License","https://www.pexels.com/photo/people-riding-on-red-and-white-sail-boat-4934535/","Photo by cottonbro studio / Pexels — https://www.pexels.com/photo/people-riding-on-red-and-white-sail-boat-4934535/"
"images-pexels/seafood-platter-1.jpg","image","A vibrant seafood platter featuring lobster, mussels, and shrimp, garnished with herbs and lemon.","Terje Sollie","Pexels License","https://www.pexels.com/photo/bowl-of-mussels-and-shrimps-selective-focus-photography-566343/","Photo by Terje Sollie / Pexels — https://www.pexels.com/photo/bowl-of-mussels-and-shrimps-selective-focus-photography-566343/"
"images-pexels/senior-traveler-2.jpg","image","Elderly man with suitcase by a convertible on a scenic coastal journey in Portugal.","Kampus Production","Pexels License","https://www.pexels.com/photo/man-in-gray-jacket-holding-a-suitcase-8631569/","Photo by Kampus Production / Pexels — https://www.pexels.com/photo/man-in-gray-jacket-holding-a-suitcase-8631569/"
"images-pexels/shopping-street-1.jpg","image","Woman walks past stylish clothing store on urban sidewalk in bright daylight.","Andrea Musto","Pexels License","https://www.pexels.com/photo/woman-walking-on-the-sidewalk-near-clothing-store-13025991/","Photo by Andrea Musto / Pexels — https://www.pexels.com/photo/woman-walking-on-the-sidewalk-near-clothing-store-13025991/"
"images-pexels/shopping-street-3.jpg","image","Fashionable storefront on a vibrant European street with dresses and colorful architecture.","Helena Jankovičová Kováčová","Pexels License","https://www.pexels.com/photo/charming-european-fashion-boutique-street-scene-39551280/","Photo by Helena Jankovičová Kováčová / Pexels — https://www.pexels.com/photo/charming-european-fashion-boutique-street-scene-39551280/"
"images-pexels/shopping-street-boutique-4.jpg","image","Elegant storefront with mannequins in stylish dresses, showcasing boutique charm.","Omar Ramadan","Pexels License","https://www.pexels.com/photo/charming-boutique-exterior-with-mannequins-31763620/","Photo by Omar Ramadan / Pexels — https://www.pexels.com/photo/charming-boutique-exterior-with-mannequins-31763620/"
"images-pexels/shopping-street-boutique-6.jpg","image","A vibrant street market display featuring mannequins and clothes on racks under tents.","Markus Winkler","Pexels License","https://www.pexels.com/photo/racks-of-clothes-on-a-street-stall-15484703/","Photo by Markus Winkler / Pexels — https://www.pexels.com/photo/racks-of-clothes-on-a-street-stall-15484703/"
"images-pexels/sintra-palace-4.jpg","image","Beautiful view of Sintra National Palace, Lisbon, highlighting its unique architecture and scenic surroundings.","Uiliam Nörnberg","Pexels License","https://www.pexels.com/photo/landscape-with-sintra-national-palace-in-portugal-24407903/","Photo by Uiliam Nörnberg / Pexels — https://www.pexels.com/photo/landscape-with-sintra-national-palace-in-portugal-24407903/"
"images-pexels/solo-traveler-1.jpg","image","A solo backpacker walking down a rocky path towards the ocean, surrounded by coastal vegetation.","Yan Krukau","Pexels License","https://www.pexels.com/photo/a-person-carrying-a-backpack-walking-near-a-rocky-coast-5215723/","Photo by Yan Krukau / Pexels — https://www.pexels.com/photo/a-person-carrying-a-backpack-walking-near-a-rocky-coast-5215723/"
"images-pexels/street-festival-lights-2.jpg","image","A lively night festival scene with decorative tents and string lights creating a festive atmosphere.","Beyzaa Yurtkuran","Pexels License","https://www.pexels.com/photo/vibrant-night-festival-with-illuminated-tents-36513643/","Photo by Beyzaa Yurtkuran / Pexels — https://www.pexels.com/photo/vibrant-night-festival-with-illuminated-tents-36513643/"
"images-pexels/street-festival-lights-3.jpg","image","Charming city street illuminated by red lanterns at night.","Nguyễn Hoàng Văn","Pexels License","https://www.pexels.com/photo/illuminated-red-lamps-over-street-19571465/","Photo by Nguyễn Hoàng Văn / Pexels — https://www.pexels.com/photo/illuminated-red-lamps-over-street-19571465/"
"images-pexels/sunny-beach-day-4.jpg","image","Calm ocean waves rolling onto a sunny beach, perfect for summer vibes and relaxation.","Min An","Pexels License","https://www.pexels.com/photo/body-of-water-under-white-clouds-and-blue-sky-1213966/","Photo by Min An / Pexels — https://www.pexels.com/photo/body-of-water-under-white-clouds-and-blue-sky-1213966/"
"images-pexels/surfing-lesson-beach-1.jpg","image","A group of adults preparing for a surf lesson on a sunny beach with waves crashing in the background.","Magda Ehlers","Pexels License","https://www.pexels.com/photo/group-surf-lesson-on-a-sunny-beach-38942922/","Photo by Magda Ehlers / Pexels — https://www.pexels.com/photo/group-surf-lesson-on-a-sunny-beach-38942922/"
"images-pexels/surfing-lesson-beach-2.jpg","image","Surfing group lesson near scenic coastline, vibrant attire, dynamic formations.","Phoenix Main","Pexels License","https://www.pexels.com/photo/people-paddling-on-sea-using-surfboards-13265588/","Photo by Phoenix Main / Pexels — https://www.pexels.com/photo/people-paddling-on-sea-using-surfboards-13265588/"
"images-pexels/surfing-lesson-beach-3.jpg","image","Children learning to surf on a sunny day at a Portuguese beach with instructors.","Kampus Production","Pexels License","https://www.pexels.com/photo/kids-learning-how-to-surf-6299971/","Photo by Kampus Production / Pexels — https://www.pexels.com/photo/kids-learning-how-to-surf-6299971/"
"images-pexels/surfing-lesson-beach-6.jpg","image","Adult male surfer riding a wave on a sunny day at the beach, showcasing water sports action.","Serg Alesenko","Pexels License","https://www.pexels.com/photo/a-man-surfing-14793463/","Photo by Serg Alesenko / Pexels — https://www.pexels.com/photo/a-man-surfing-14793463/"
"images-pexels/taxi-airport-1.jpg","image","Exterior view of Praha Airport's Terminal 1 with a line of yellow taxis awaiting passengers.","YL Lew","Pexels License","https://www.pexels.com/photo/praha-airport-terminal-1-with-yellow-taxis-36046866/","Photo by YL Lew / Pexels — https://www.pexels.com/photo/praha-airport-terminal-1-with-yellow-taxis-36046866/"
"images-pexels/taxi-airport-3.jpg","image","Yellow taxi sign with airport control tower in the background under a cloudy sky.","Martijn Stoof","Pexels License","https://www.pexels.com/photo/taxi-sign-at-airport-with-control-tower-39398586/","Photo by Martijn Stoof / Pexels — https://www.pexels.com/photo/taxi-sign-at-airport-with-control-tower-39398586/"
"images-pexels/train-station-platform-4.jpg","image","Overhead view of York train station with people on the platform and trains ready for departure.","Mike Norris","Pexels License","https://www.pexels.com/photo/bustling-scene-at-york-train-station-platform-33968153/","Photo by Mike Norris / Pexels — https://www.pexels.com/photo/bustling-scene-at-york-train-station-platform-33968153/"
"images-pexels/tram-28-1.jpg","image","Two iconic yellow trams in a graffiti-covered street in Lisbon, Portugal. Vibrant urban scene.","Junior Diniz PHOTOGRAPHER IN LISBON","Pexels License","https://www.pexels.com/photo/iconic-yellow-trams-in-graffiti-laden-lisbon-street-33324057/","Photo by Junior Diniz PHOTOGRAPHER IN LISBON / Pexels — https://www.pexels.com/photo/iconic-yellow-trams-in-graffiti-laden-lisbon-street-33324057/"
"images-pexels/tram-28-2.jpg","image","A man stands between two iconic graffiti-covered trams in Lisbon, Portugal, showcasing urban culture.","Junior Diniz PHOTOGRAPHER IN LISBON","Pexels License","https://www.pexels.com/photo/street-view-of-iconic-lisbon-trams-with-graffiti-33768022/","Photo by Junior Diniz PHOTOGRAPHER IN LISBON / Pexels — https://www.pexels.com/photo/street-view-of-iconic-lisbon-trams-with-graffiti-33768022/"
"images-pexels/tram-28-3.jpg","image","A classic tram navigating through a picturesque Lisbon street at dusk, capturing urban life and charm.","Stephan Saloth","Pexels License","https://www.pexels.com/photo/tram-traveling-the-street-13091850/","Photo by Stephan Saloth / Pexels — https://www.pexels.com/photo/tram-traveling-the-street-13091850/"
"images-pexels/vineyard-rows-sunset-5.jpg","image","Stunning vineyard landscape captured during golden hour with rows of grapevines on a hillside.","Lorenza Magnaghi","Pexels License","https://www.pexels.com/photo/scenic-vineyard-landscape-at-golden-hour-36189155/","Photo by Lorenza Magnaghi / Pexels — https://www.pexels.com/photo/scenic-vineyard-landscape-at-golden-hour-36189155/"
"images-pexels/vintage-photograph-sepia-4.jpg","image","A nostalgic collection of vintage black and white photographs depicting memories and history.","Suzy Hazelwood","Pexels License","https://www.pexels.com/photo/bunch-of-photo-print-1908066/","Photo by Suzy Hazelwood / Pexels — https://www.pexels.com/photo/bunch-of-photo-print-1908066/"
"images-pexels/weather-sky-1.jpg","image","Breathtaking view of the ocean under a bright blue sky, ideal for serene stock imagery.","Jeffrey Eisen","Pexels License","https://www.pexels.com/photo/aerial-view-of-an-ocean-horizon-14385822/","Photo by Jeffrey Eisen / Pexels — https://www.pexels.com/photo/aerial-view-of-an-ocean-horizon-14385822/"
"images-pexels/weather-sky-2.jpg","image","A peaceful coastal beach scene with a vast cloudy sky, perfect for tranquil themes.","Kathrine Birch","Pexels License","https://www.pexels.com/photo/clouds-and-sea-19999552/","Photo by Kathrine Birch / Pexels — https://www.pexels.com/photo/clouds-and-sea-19999552/"
"images-pexels/wheelchair-accessible-ramp-5.jpg","image","Mother and daughter share a warm embrace in a park, highlighting love and mobility support.","Gustavo Fring","Pexels License","https://www.pexels.com/photo/a-girl-hugging-a-woman-in-a-wheelchair-6284842/","Photo by Gustavo Fring / Pexels — https://www.pexels.com/photo/a-girl-hugging-a-woman-in-a-wheelchair-6284842/"
"images-pexels/wine-cellar-barrels-4.jpg","image","Close-up view of aligned wooden wine barrels aging in a dimly lit cellar.","Tim Durand","Pexels License","https://www.pexels.com/photo/wooden-wine-kegs-16547190/","Photo by Tim Durand / Pexels — https://www.pexels.com/photo/wooden-wine-kegs-16547190/"
"images-pexels/wine-glass-restaurant-1.jpg","image","A stylish arrangement of wine glasses in a cozy bistro setting with warm lighting.","Vladimir Srajber","Pexels License","https://www.pexels.com/photo/abundance-of-glasses-in-bar-19393192/","Photo by Vladimir Srajber / Pexels — https://www.pexels.com/photo/abundance-of-glasses-in-bar-19393192/"
"images-pexels/wine-glass-restaurant-2.jpg","image","Close-up of wine bottles and glasses on wooden shelves in a dimly lit cellar, creating a cozy ambiance.","Xuân Thống Trần","Pexels License","https://www.pexels.com/photo/wine-glasses-and-bottles-on-wooden-shelves-11851422/","Photo by Xuân Thống Trần / Pexels — https://www.pexels.com/photo/wine-glasses-and-bottles-on-wooden-shelves-11851422/"
"images-pexels/wine-tasting-glasses-5.jpg","image","Elegant wine tasting event with cheese platter and detailed tasting notes for a refined experience.","Pavel Danilyuk","Pexels License","https://www.pexels.com/photo/person-holding-silver-pen-writing-on-white-paper-8775200/","Photo by Pavel Danilyuk / Pexels — https://www.pexels.com/photo/person-holding-silver-pen-writing-on-white-paper-8775200/"
"images-pexels/wine-vineyard-1.jpg","image","Scenic aerial view of Douro Valley vineyards and river, Portugal's wine region.","Matheus De Moraes Gugelmim","Pexels License","https://www.pexels.com/photo/valley-of-duero-20095795/","Photo by Matheus De Moraes Gugelmim / Pexels — https://www.pexels.com/photo/valley-of-duero-20095795/"
"images-pexels/woman-traveling-alone-city-2.jpg","image","Side view of serious young female sitting on edge of old building and looking at city street","ArtHouse Studio","Pexels License","https://www.pexels.com/photo/a-lonely-woman-sitting-on-a-cliff-overlooking-the-city-4348333/","Photo by ArtHouse Studio / Pexels — https://www.pexels.com/photo/a-lonely-woman-sitting-on-a-cliff-overlooking-the-city-4348333/"
"images-pexels/woman-traveling-alone-city-4.jpg","image","A young woman with a backpack strolls through a quiet urban alleyway in daylight.","Min An","Pexels License","https://www.pexels.com/photo/fired-up-movie-scene-749116/","Photo by Min An / Pexels — https://www.pexels.com/photo/fired-up-movie-scene-749116/"
"images/belem-4.jpg","image","File:Torre de Belém por Rodrigo Tetsuo Argenton (2).jpg","Rodrigo.Argenton","CC BY-SA 4.0","","“File:Torre de Belém por Rodrigo Tetsuo Argenton (2).jpg” by Rodrigo.Argenton, Wikimedia Commons (CC BY-SA 4.0)"
"images/hero-skyline-3.jpg","image","File:View looking over Lisbon from rooftop of the Museu da Agua (Museum of Water) in Lisbon, Portugal (55118451543).jpg","Philip Mallis from Melbourne","CC BY-SA 4.0","","“File:View looking over Lisbon from rooftop of the Museu da Agua (Museum of Water) in Lisbon, Portugal (55118451543).jpg” by Philip Mallis from Melbourne, Wikimedia Commons (CC BY-SA 4.0)"
"images/market-food-2.jpg","image","File:Mercado da Ribeira, Lisbon 02.jpg","Simon Burchell","CC BY-SA 4.0","","“File:Mercado da Ribeira, Lisbon 02.jpg” by Simon Burchell, Wikimedia Commons (CC BY-SA 4.0)"
"images/metro-1.jpg","image","File:Metro Lisboa January 2015-2a.jpg","Alvesgaspar","CC BY-SA 4.0","","“File:Metro Lisboa January 2015-2a.jpg” by Alvesgaspar, Wikimedia Commons (CC BY-SA 4.0)"
"images/metro-2.jpg","image","File:Oriente metro station, Lisbon (34262572114).jpg","Susanne Nilsson","CC BY-SA 2.0","","“File:Oriente metro station, Lisbon (34262572114).jpg” by Susanne Nilsson, Wikimedia Commons (CC BY-SA 2.0)"
"images/metro-4.jpg","image","File:Reboleira metro station (Lisbon).02.jpg","Nenea hartia","CC BY-SA 4.0","","“File:Reboleira metro station (Lisbon).02.jpg” by Nenea hartia, Wikimedia Commons (CC BY-SA 4.0)"
"images/miradouro-1.jpg","image","File:Miradouro da Senhora do Monte - Lisboa - Portugal (10730214253).jpg","Vitor Oliveira from Torres Vedras, PORTUGAL","CC BY-SA 2.0","","“File:Miradouro da Senhora do Monte - Lisboa - Portugal (10730214253).jpg” by Vitor Oliveira from Torres Vedras, PORTUGAL, Wikimedia Commons (CC BY-SA 2.0)"
"images/miradouro-3.jpg","image","File:Miradouro da Senhora do Monte - Lisboa - Portugal (5284679155).jpg","Vitor Oliveira from Torres Vedras, PORTUGAL","CC BY-SA 2.0","","“File:Miradouro da Senhora do Monte - Lisboa - Portugal (5284679155).jpg” by Vitor Oliveira from Torres Vedras, PORTUGAL, Wikimedia Commons (CC BY-SA 2.0)"
"images/miradouro-4.jpg","image","File:Miradouro da Senhora do Monte (38530147244).jpg","Pedro from Lisboa, Portugal","CC BY 2.0","","“File:Miradouro da Senhora do Monte (38530147244).jpg” by Pedro from Lisboa, Portugal, Wikimedia Commons (CC BY 2.0)"
"images/sintra-1.jpg","image","File:Castelo dos Mouros, Sintra, Portugal, 2019-05-25, DD 111.jpg","Diego Delso","CC BY-SA 4.0","","“File:Castelo dos Mouros, Sintra, Portugal, 2019-05-25, DD 111.jpg” by Diego Delso, Wikimedia Commons (CC BY-SA 4.0)"
"videos/lisbon-aerial-4823566-4k.part001-.part007","video","Different aerial footages of Lisbon and Sintra in Portugal","Pexels contributor","Pexels License","https://www.pexels.com/video/different-aerial-footages-of-lisbon-and-sintra-in-portugal-4823566/","4K video from Pexels used on the fictional Southridge Video page: Different aerial footages of Lisbon and Sintra in Portugal — https://www.pexels.com/video/different-aerial-footages-of-lisbon-and-sintra-in-portugal-4823566/"

