"Section","Title","URL"
"Portal","Home","https://guneetsingh097.github.io/LisbonDemo/"
"Portal","Southridge Video","https://guneetsingh097.github.io/LisbonDemo/#/watch"
"Portal","Quick navigate","https://guneetsingh097.github.io/LisbonDemo/#/navigate"
"Portal","Relationship matrix","https://guneetsingh097.github.io/LisbonDemo/#/matrix"
"Portal","Standards & Sources","https://guneetsingh097.github.io/LisbonDemo/#/docs"
"Website","01 - Azulejo Tide House","https://guneetsingh097.github.io/LisbonDemo/#/site/1"
"Website","02 - Palacio Aurora Lisboa","https://guneetsingh097.github.io/LisbonDemo/#/site/2"
"Website","03 - Travessa Bunkhouse","https://guneetsingh097.github.io/LisbonDemo/#/site/3"
"Website","04 - Chave Lisboa","https://guneetsingh097.github.io/LisbonDemo/#/site/4"
"Website","05 - Mesa Lisboa Index","https://guneetsingh097.github.io/LisbonDemo/#/site/5"
"Website","06 - Doce Rua","https://guneetsingh097.github.io/LisbonDemo/#/site/6"
"Website","07 - Casa do Eco","https://guneetsingh097.github.io/LisbonDemo/#/site/7"
"Website","08 - Hoje em Lisboa","https://guneetsingh097.github.io/LisbonDemo/#/site/8"
"Website","09 - Colher de Lisboa","https://guneetsingh097.github.io/LisbonDemo/#/site/9"
"Website","10 - Pequenos Passos Lisboa","https://guneetsingh097.github.io/LisbonDemo/#/site/10"
"Website","11 - Uma Mesa Lisboa","https://guneetsingh097.github.io/LisbonDemo/#/site/11"
"Website","12 - Nomad Alfama Desk","https://guneetsingh097.github.io/LisbonDemo/#/site/12"
"Website","13 - Museu Mapa Lisboa","https://guneetsingh097.github.io/LisbonDemo/#/site/13"
"Website","14 - Linha Clara Lisboa","https://guneetsingh097.github.io/LisbonDemo/#/site/14"
"Website","15 - Calcada Compass","https://guneetsingh097.github.io/LisbonDemo/#/site/15"
"Website","16 - Rota Curta Excursoes","https://guneetsingh097.github.io/LisbonDemo/#/site/16"
"Website","17 - Escola de Surf Onda Larga","https://guneetsingh097.github.io/LisbonDemo/#/site/17"
"Website","18 - Guia de Fotografia Luz de Lisboa","https://guneetsingh097.github.io/LisbonDemo/#/site/18"
"Website","19 - Memoria da Cidade","https://guneetsingh097.github.io/LisbonDemo/#/site/19"
"Website","20 - Clima do Tejo","https://guneetsingh097.github.io/LisbonDemo/#/site/20"
"Website","21 - Guia de Compras Baixa & Chiado","https://guneetsingh097.github.io/LisbonDemo/#/site/21"
"Website","22 - Ao Ar Livre Lisboa","https://guneetsingh097.github.io/LisbonDemo/#/site/22"
"Website","23 - Rota das Vinhas do Tejo","https://guneetsingh097.github.io/LisbonDemo/#/site/23"
"Website","24 - Cruzeiros do Tejo Dourado","https://guneetsingh097.github.io/LisbonDemo/#/site/24"
"Website","25 - Traslado Certo","https://guneetsingh097.github.io/LisbonDemo/#/site/25"
"Website","26 - Associacao de Turismo do Estuario","https://guneetsingh097.github.io/LisbonDemo/#/site/26"
"Website","27 - Academia Vozes & Culturas","https://guneetsingh097.github.io/LisbonDemo/#/site/27"
"Website","28 - Farol Seguros Informativo","https://guneetsingh097.github.io/LisbonDemo/#/site/28"
"Website","29 - Caminho Aberto Acessibilidade","https://guneetsingh097.github.io/LisbonDemo/#/site/29"
"Website","30 - Guia do Viajante Corporativo","https://guneetsingh097.github.io/LisbonDemo/#/site/30"
